Episode Nbr,Name,Season Nbr,Review Link,Year
1,The National Anthem,1,https://www.imdb.com/title/tt2089051/reviews,2011
2,Fifteen Million Merits,1,https://www.imdb.com/title/tt2089049/reviews,2011
3,The Entire History of You,1,https://www.imdb.com/title/tt2089050/reviews,2011
4,Be Right Back,2,https://www.imdb.com/title/tt2290780/reviews,2013
5,White Bear,2,https://www.imdb.com/title/tt2542420/reviews,2013
6,The Waldo Moment,2,https://www.imdb.com/title/tt2386296/reviews,2013
7,White Christmas,2,https://www.imdb.com/title/tt3973198/reviews,2014
8,Nosedive,3,https://www.imdb.com/title/tt5497778/reviews,2016
9,Playtest,3,https://www.imdb.com/title/tt5709242/reviews,2016
10,Shut Up and Dance,3,https://www.imdb.com/title/tt5709230/reviews,2016
11,San Junipero,3,https://www.imdb.com/title/tt4538072/reviews,2016
12,Men Against Fire,3,https://www.imdb.com/title/tt5709234/reviews,2016
13,Hated in the Nation,3,https://www.imdb.com/title/tt5709236/reviews,2016
14,USS Callister,4,https://www.imdb.com/title/tt5710974/reviews,2017
15,Arkangel,4,https://www.imdb.com/title/tt5709250/reviews,2017
16,Crocodile,4,https://www.imdb.com/title/tt5710976/reviews,2017
17,Hang the DJ,4,https://www.imdb.com/title/tt5710978/reviews,2017
18,Metalhead,4,https://www.imdb.com/title/tt5710984/reviews,2017
19,Black Museum,4,https://www.imdb.com/title/tt5058700/reviews,2017
20,Striking Vipers,5,https://www.imdb.com/title/tt8503298/reviews,2019
21,Smithereens,5,https://www.imdb.com/title/tt8758202/reviews,2019
22,"Rachel, Jack and Ashley Too",5,https://www.imdb.com/title/tt9053874/reviews,2019
